"CHROM","POS","REF","ALT","AD_REF.LOW","AD_ALT.LOW","DP.LOW","GQ.LOW","SNPindex.LOW","AD_REF.HIGH","AD_ALT.HIGH","DP.HIGH","GQ.HIGH","SNPindex.HIGH","REF_FRQ","deltaSNP","nSNPs","tricubeDeltaSNP","G","Gprime","pvalue","negLog10Pval","qvalue"
"Chr01",30248653,"T","C",63,83,146,160,0.568493150684932,135,71,206,160,0.344660194174757,0.5625,-0.223832956510174,4,-0.061367405383835,17.4503359802961,5.03544968600175,6.36506574225315e-06,5.19619710633078,0.000557889410868296
"Chr01",33587714,"C","T",57,52,109,143,0.477064220183486,79,77,156,143,0.493589743589744,0.513207547169811,0.0165255234062573,3,-0.0566192183191991,0.0701528602351882,6.25337952392164,9.00923780022822e-12,11.0453119496599,1.00748131676345e-09
"Chr01",34182892,"A","T",92,94,186,160,0.505376344086022,89,121,210,160,0.576190476190476,0.457070707070707,0.0708141321044546,3,-0.0550781112593363,1.9939554682933,6.29397608994894,5.54345458425587e-12,11.2562195061561,6.30786779534799e-10
"Chr01",35112602,"T","C",44,67,111,160,0.603603603603604,93,50,143,160,0.34965034965035,0.539370078740158,-0.253953253953254,3,-0.0335298134965685,16.3563693326804,6.46168769103977,7.32747196252603e-13,12.1350458346491,8.48678270516854e-11
"Chr01",38919838,"GAAAAAAAAAG","GAAAAAAAAAAG",30,19,49,24,0.387755102040816,29,45,74,16,0.608108108108108,0.479674796747967,0.220353006067292,3,0.120134344837179,5.7741816882416,5.49460577574132,5.36174793452915e-08,7.27069360684255,5.13738612607702e-06
"Chr01",39405870,"G","A",70,62,132,160,0.46969696969697,65,112,177,160,0.632768361581921,0.436893203883495,0.163071391884951,3,0.139922514855322,8.18085181287282,5.10994148938841,3.02765404469607e-06,5.51889375105543,0.000269004988135599
"Chr01",40077801,"A","G",50,44,94,160,0.468085106382979,60,67,127,160,0.52755905511811,0.497737556561086,0.0594739487351315,3,0.140140009564807,0.764736670597197,4.90324524088752,2.29816770954683e-05,4.63861828170818,0.00186323947051509
"Chr01",64049862,"GG","AA",91,53,144,137,0.368055555555556,71,79,150,137,0.526666666666667,0.551020408163265,0.158611111111111,5,0.0886478722809976,7.50784076253335,4.81257562425014,5.39270059621844e-05,4.26819369115626,0.003801853920334
"Chr01",64361116,"T","A",46,52,98,141,0.530612244897959,63,64,127,141,0.503937007874016,0.484444444444444,-0.0266752370239435,5,0.0803808534651532,0.157637954281154,5.00443580204132,8.6374417576085e-06,5.06361486806168,0.000746965963197983
"Chr01",65224564,"G","A",81,48,129,140,0.372093023255814,74,87,161,140,0.540372670807453,0.53448275862069,0.168279647551639,3,0.0574473622891259,8.20685959925783,5.5366740601631,3.38840803193463e-08,7.4700042974713,3.32988098411031e-06
"Chr01",68295882,"GG","GCG",29,63,92,160,0.684782608695652,55,49,104,160,0.471153846153846,0.428571428571429,-0.213628762541806,1,-0.0968608428188144,9.20074509911777,8.27536887795287,0,Inf,0
"Chr03",8488858,"C","G",38,23,61,160,0.377049180327869,31,44,75,160,0.586666666666667,0.507352941176471,0.209617486338798,3,0.0801372248621306,5.96196836263662,10.532189827991,0,Inf,0
"Chr03",9343766,"CT","TC",59,28,87,142,0.32183908045977,54,84,138,142,0.608695652173913,0.502222222222222,0.286856571714143,3,0.0529790765123594,17.8621272289175,11.7758651938265,0,Inf,0
"Chr03",9812890,"TAAAAAAAAT","TAAAAAAAT",17,46,63,160,0.73015873015873,44,43,87,160,0.494252873563218,0.406666666666667,-0.235905856595512,3,0.0334156307994611,8.6198747255426,12.3896532792534,0,Inf,0
"Chr03",12818314,"C","T",52,98,150,160,0.653333333333333,95,60,155,160,0.387096774193548,0.481967213114754,-0.266236559139785,1,-0.0534665330035474,21.9115277298633,16.9896239326901,0,Inf,0
"Chr03",15465869,"C","T",59,66,125,141,0.528,48,142,190,141,0.747368421052632,0.33968253968254,0.219368421052632,2,0.0753339641179183,16.0459947172713,14.0597039486696,0,Inf,0
"Chr03",17670530,"A","G",28,24,52,160,0.461538461538462,19,39,58,160,0.672413793103448,0.427272727272727,0.210875331564987,6,0.0915664384002843,5.01262046534983,10.645029070407,0,Inf,0
"Chr03",18173873,"A","T",51,35,86,160,0.406976744186047,38,78,116,160,0.672413793103448,0.440594059405941,0.265437048917402,5,0.0829443993749637,14.2162735614187,10.3030747818869,0,Inf,0
"Chr03",18638085,"G","A",41,54,95,142,0.568421052631579,73,32,105,142,0.304761904761905,0.57,-0.263659147869674,5,0.0749926567660029,14.2950451780262,9.987704777372,0,Inf,0
"Chr03",19638113,"AGGG","AG",63,60,123,160,0.48780487804878,50,108,158,160,0.683544303797468,0.402135231316726,0.195739425748688,5,0.058515750275753,11.0353667925762,9.27279865091529,0,Inf,0
"Chr03",20154985,"G","C",27,36,63,100,0.571428571428571,40,36,76,140,0.473684210526316,0.482014388489209,-0.0977443609022556,5,0.0540673981251083,1.32085225580396,8.68205921161134,0,Inf,0
"Chr03",27582409,"T","C",38,33,71,141,0.464788732394366,38,67,105,141,0.638095238095238,0.431818181818182,0.173306505700872,4,0.160429694533424,5.1840515929299,5.45922838896131,7.86742223590764e-08,7.10416754109769,7.28972866029956e-06
"Chr03",28203847,"T","C",55,52,107,142,0.485981308411215,49,85,134,142,0.634328358208955,0.431535269709544,0.14834704979774,2,0.169980218847343,5.34270420872723,6.06626413286113,8.25356449851711e-11,10.0833584505156,8.92210322289699e-09
"Chr03",30747950,"G","A",39,35,74,160,0.472972972972973,15,44,59,160,0.745762711864407,0.406015037593985,0.272789738891434,2,0.188795895154998,10.3811447334081,8.4846910632276,0,Inf,0
"Chr03",31425741,"C","T",71,54,125,143,0.432,80,139,219,143,0.634703196347032,0.438953488372093,0.202703196347032,2,0.17072084276049,13.2715191792642,7.83205654750834,0,Inf,0
"Chr03",38559975,"ATG","AG",57,62,119,160,0.521008403361345,50,117,167,160,0.70059880239521,0.374125874125874,0.179590399033865,4,0.048062629075676,9.54001157959686,5.81771498463529,1.46354262042792e-09,8.83459462577741,1.53105442517669e-07
"Chr03",39157583,"GATGTAAAGTTGAGAGAA","GA",63,54,117,160,0.461538461538462,66,102,168,160,0.607142857142857,0.452631578947368,0.145604395604396,5,0.0385008564832605,5.90569275554814,6.13672683624895,3.60106389152293e-11,10.4435691731331,3.95872888142673e-09
"Chr03",40809806,"C","T",30,51,81,160,0.62962962962963,33,62,95,160,0.652631578947368,0.357954545454545,0.0230019493177388,8,0.0336217815571749,0.100591478059085,5.82760219180974,1.30746424797934e-09,8.88357017788522,1.39019887088426e-07
"Chr03",40998883,"A","T",57,79,136,160,0.580882352941177,118,61,179,160,0.340782122905028,0.555555555555556,-0.240100230036149,8,0.0330634302633123,18.1483338710863,5.79222660364964,1.9560267849883e-09,8.70862520246612,2.01377614721176e-07
"Chr03",41204248,"A","G",27,28,55,160,0.509090909090909,27,26,53,138,0.490566037735849,0.5,-0.01852487135506,7,0.0318996752681519,0.0370518642474913,5.73694021804541,3.65736774199377e-09,8.43683136990828,3.70651362102681e-07
"Chr03",41674763,"C","A",58,46,104,142,0.442307692307692,90,56,146,142,0.383561643835616,0.592,-0.0587460484720759,7,0.0277497940540611,0.866259148879891,5.56538122899626,2.47287801347085e-08,7.60679730676169,2.4675518146726e-06
"Chr03",42384141,"C","T",59,40,99,160,0.404040404040404,33,64,97,160,0.65979381443299,0.469387755102041,0.255753410392586,7,0.0214931721910189,13.0171895004442,5.30672810947041,3.99667375861057e-07,6.39830130098127,3.6510459152603e-05
"Chr03",42502488,"A","G",34,43,77,139,0.558441558441558,43,91,134,139,0.67910447761194,0.364928909952607,0.120662919170382,7,0.020449367015745,3.04529538153537,5.26357647418354,6.27635871275345e-07,6.20229224314159,5.6539531404054e-05
"Chr04",4742185,"T","C",41,90,131,160,0.687022900763359,87,72,159,160,0.452830188679245,0.441379310344828,-0.234192712084114,2,0.0347503412731407,16.2033240786622,23.2066547491414,0,Inf,0
"Chr04",7034025,"TAT","TT",78,17,95,63,0.178947368421053,47,70,117,160,0.598290598290598,0.589622641509434,0.419343229869546,5,0.136727079195899,40.1398624518262,69.8018094782037,0,Inf,0
"Chr04",7723742,"T","C",24,26,50,160,0.52,32,22,54,160,0.407407407407407,0.538461538461538,-0.112592592592593,5,0.176869908357917,1.32661260092189,78.2518030792075,0,Inf,0
"Chr04",8901108,"TCATGA","TA",153,22,175,18,0.125714285714286,24,148,172,139,0.86046511627907,0.510086455331412,0.734750830564784,5,0.218468501558222,209.531021242569,86.1090386270729,0,Inf,0
"Chr04",8965971,"CAAAAAAAAAAAAC","CAAAAAAAAAAAAAC",13,81,94,160,0.861702127659574,91,45,136,160,0.330882352941176,0.452173913043478,-0.530819774718398,5,0.217830250833349,68.5240871608555,85.8273043026919,0,Inf,0
"Chr04",9978485,"A","T",87,4,91,120,0.043956043956044,26,105,131,160,0.801526717557252,0.509009009009009,0.757570673601208,4,0.207867131729328,144.318204376635,81.429420336234,0,Inf,0
"Chr04",12566456,"A","T",49,38,87,146,0.436781609195402,50,58,108,113,0.537037037037037,0.507692307692308,0.100255427841635,2,0.308604491023054,1.94151416690484,48.6614713407455,0,Inf,0
"Chr04",12909813,"T","C",75,71,146,160,0.486301369863014,112,92,204,160,0.450980392156863,0.534285714285714,-0.0353209777061509,3,0.322142401953058,0.426533861965046,43.9505900388384,0,Inf,0
"Chr04",15397160,"C","T",79,3,82,156,0.0365853658536585,0,77,77,156,1,0.49685534591195,0.963414634146341,3,0.327276657032136,NA,28.6929477208301,0,Inf,0
"Chr04",17010437,"ACTTT","AT",62,4,66,130,0.0606060606060606,35,58,93,160,0.623655913978495,0.610062893081761,0.563049853372434,3,0.196697657416788,59.2957832189863,54.1085834583939,0,Inf,0
"Chr04",18777437,"G","A",0,91,91,160,1,71,0,71,160,0,0.438271604938272,-1,3,0.135295848742536,NA,109.609984987144,0,Inf,0
"Chr04",20860415,"A","G",78,94,172,160,0.546511627906977,82,93,175,160,0.531428571428571,0.461095100864553,-0.0150830564784052,4,0.299142725524499,0.0794211158026794,174.750173579251,0,Inf,0
"Chr04",21344404,"A","T",125,8,133,160,0.0601503759398496,11,159,170,160,0.935294117647059,0.448844884488449,0.875143741707209,3,0.344123514508893,274.88041246725,180.443183532453,0,Inf,0
"Chr04",22790627,"G","A",120,3,123,141,0.024390243902439,9,153,162,141,0.944444444444444,0.452631578947368,0.920054200542005,5,0.477238530875789,294.807332466894,163.672672713046,0,Inf,0
"Chr04",24179056,"A","G",130,2,132,139,0.0151515151515152,27,137,164,21,0.835365853658537,0.530405405405405,0.820214338507021,4,0.511832741200582,241.813475062835,152.138086993624,0,Inf,0
"Chr04",25049018,"G","T",30,32,62,160,0.516129032258065,26,32,58,160,0.551724137931034,0.466666666666667,0.03559510567297,4,0.506706941986203,0.152599701551723,146.223713150372,0,Inf,0
"Chr04",26373885,"C","T",29,23,52,140,0.442307692307692,34,44,78,140,0.564102564102564,0.484615384615385,0.121794871794872,4,0.475195019174342,1.85634242934644,132.938810819806,0,Inf,0
"Chr04",28068137,"GA","AT",125,7,132,151,0.053030303030303,6,138,144,151,0.958333333333333,0.47463768115942,0.90530303030303,2,0.507479016849418,277.285163200983,141.733545166614,0,Inf,0
"Chr04",34820642,"G","C",117,2,119,160,0.0168067226890756,2,159,161,160,0.987577639751553,0.425,0.970770917062477,3,0.792738799793464,340.000398496886,256.988794295634,0,Inf,0
"Chr04",36047737,"A","G",127,6,133,143,0.0451127819548872,2,143,145,143,0.986206896551724,0.464028776978417,0.941094114596837,6,0.689385403947385,313.934872873775,239.27237708234,0,Inf,0
"Chr04",36427314,"A","T",61,3,64,106,0.046875,7,76,83,149,0.91566265060241,0.462585034013605,0.86878765060241,6,0.690451006261935,130.729291326385,237.754901030733,0,Inf,0
"Chr04",37798084,"C","A",149,2,151,160,0.0132450331125828,0,152,152,160,1,0.491749174917492,0.986754966887417,7,0.694299225950469,NA,232.274825453814,0,Inf,0
"Chr04",38053274,"TACAGAAATAGACAAA","TA",2,74,76,138,0.973684210526316,79,5,84,149,0.0595238095238095,0.50625,-0.914160401002506,7,0.68985485241014,165.374769529488,230.015907421927,0,Inf,0
"Chr04",38542976,"C","T",59,0,59,141,0,0,90,90,158,1,0.395973154362416,1,7,0.666897226343492,NA,222.217785167911,0,Inf,0
"Chr04",39670563,"G","A",53,0,53,137,0,5,78,83,137,0.939759036144578,0.426470588235294,0.939759036144578,6,0.614035035248474,NA,204.261842006481,0,Inf,0
"Chr04",39676166,"G","A",75,3,78,137,0.0384615384615385,3,113,116,145,0.974137931034483,0.402061855670103,0.935676392572944,6,0.613772362074071,208.166174639518,204.17261860329,0,Inf,0
"Chr04",41105965,"C","T",156,5,161,139,0.031055900621118,8,190,198,139,0.95959595959596,0.456824512534819,0.928540058974842,5,0.589817998627769,383.423174562412,179.666276195236,0,Inf,0
"Chr04",43147533,"C","T",30,18,48,130,0.375,69,15,84,0,0.178571428571429,0.75,-0.196428571428571,5,0.493111967948315,6.11738877801055,130.978638146406,0,Inf,0
"Chr04",43230850,"C","A",23,28,51,118,0.549019607843137,27,28,55,140,0.509090909090909,0.471698113207547,-0.0399286987522283,5,0.485516475521986,0.169362969751383,128.438419772667,0,Inf,0
"Chr04",43793470,"G","A",97,7,104,101,0.0673076923076923,5,127,132,139,0.962121212121212,0.432203389830508,0.89481351981352,4,0.434225911184556,228.974648092299,111.284925750638,0,Inf,0
"Chr04",44335130,"T","C",60,2,62,144,0.032258064516129,0,66,66,160,1,0.46875,0.967741935483871,5,0.387515074204566,NA,94.9649388121122,0,Inf,0
"Chr04",46793997,"C","T",28,39,67,133,0.582089552238806,33,35,68,160,0.514705882352941,0.451851851851852,-0.0673836698858649,4,0.228523020382052,0.619210381645382,30.6521181251375,0,Inf,0
"Chr04",65700594,"GAAAAAAAAAAG","GAAAAAAAAAG",32,39,71,142,0.549295774647887,44,38,82,142,0.463414634146341,0.496732026143791,-0.0858811405015459,4,-0.0358632080421856,1.12414426719854,6.73823938293205,2.46469511466785e-14,13.6082367957404,3.01622877617654e-12
"Chr04",67393445,"G","C",65,40,105,160,0.380952380952381,44,67,111,160,0.603603603603604,0.50462962962963,0.222651222651223,3,0.047291975159093,10.7918851930841,6.78116304703309,1.45439216225896e-14,13.8373184745352,1.81407453161761e-12
"Chr06",49116964,"A","T",79,66,145,160,0.455172413793103,55,85,140,160,0.607142857142857,0.470175438596491,0.151970443349754,3,0.0572733239150765,6.63114263181076,7.26866440435256,0,Inf,0
"Chr06",51198211,"T","A",62,72,134,144,0.537313432835821,133,86,219,144,0.392694063926941,0.552407932011331,-0.14461936890888,7,0.0570165647696099,7.0272938185463,7.45629130574943,0,Inf,0
"Chr06",51556939,"ATTTTTTTTTA","ATTTTTTTTA",68,33,101,140,0.326732673267327,37,62,99,140,0.626262626262626,0.525,0.2995299529953,7,0.0542324621698875,18.265725195451,7.33686385479466,0,Inf,0
"Chr06",51905984,"C","T",31,39,70,139,0.557142857142857,63,41,104,139,0.394230769230769,0.540229885057471,-0.162912087912088,6,0.0515235097270337,4.47782267503638,7.22066006078218,1.11022302462516e-16,15.954589770191,1.44018130754375e-14
"Chr06",52057830,"G","C",69,75,144,160,0.520833333333333,49,102,151,160,0.675496688741722,0.4,0.154663355408388,6,0.0503450267445025,7.37490032916704,7.1701076067845,1.11022302462516e-16,15.954589770191,1.44018130754375e-14
"Chr06",52497378,"ATTTTTTTTTTTA","ATTTTTTTTTTA",32,34,66,144,0.515151515151515,36,62,98,144,0.63265306122449,0.414634146341463,0.117501546072975,6,0.0469336768373229,2.2378766611545,7.02377362334226,6.66133814775094e-16,15.1764385198074,8.47165475025737e-14
"Chr06",53513824,"ATTTTTTTTTTG","ATTTTTTTTTTTG",84,83,167,142,0.497005988023952,66,110,176,142,0.625,0.43731778425656,0.127994011976048,6,0.037920835205101,5.7186555307783,6.5963480315216,1.4166445794217e-13,12.8487390958059,1.67061031675075e-11
"Chr07",28091213,"GTTTTTTTTA","GTTTTTTTA",50,38,88,160,0.431818181818182,41,59,100,160,0.59,0.484042553191489,0.158181818181818,7,-0.0234361817199021,4.70767799520338,4.81416327176262,5.31383722396361e-05,4.27459175324097,0.00378742288292615
"Chr07",28954705,"G","A",46,34,80,160,0.425,36,73,109,160,0.669724770642202,0.433862433862434,0.244724770642202,11,-0.0359991833190897,11.3029108199857,4.95988083430638,1.33343003585473e-05,4.8750297665053,0.00110879836058382
"Chr07",29449110,"G","A",56,66,122,141,0.540983606557377,86,65,151,141,0.43046357615894,0.52014652014652,-0.110520030398437,14,-0.0436682085365492,3.30726685236755,4.98174581768452,1.07821345177728e-05,4.96729525422116,0.000920170058977292
"Chr07",29594851,"G","A",30,29,59,0,0.491525423728814,43,28,71,36,0.394366197183099,0.561538461538462,-0.097159226545715,13,-0.0460519690942542,1.23573681530854,4.97226790702431,1.18240562348992e-05,4.92723351345125,0.000995984788825409
"Chr07",29820130,"G","A",16,41,57,140,0.719298245614035,33,46,79,140,0.582278481012658,0.360294117647059,-0.137019764601377,13,-0.0497366645106381,2.73537795174973,4.95761743642494,1.36298163485593e-05,4.86550999591475,0.00111902517514881
"Chr07",30944713,"T","C",31,49,80,0,0.6125,24,27,51,35,0.529411764705882,0.419847328244275,-0.0830882352941177,13,-0.0681305042624272,0.880475007760927,4.88448292243098,2.74701795418553e-05,4.56113850207262,0.00217282420132284
"Chr07",30978608,"C","G",31,37,68,160,0.544117647058823,60,54,114,160,0.473684210526316,0.5,-0.0704334365325077,13,-0.0686848957109791,0.846036295269989,4.88227864373227,2.80502192505638e-05,4.55206373979328,0.00218700354715
"Chr07",30994361,"G","T",74,45,119,160,0.378151260504202,59,61,120,160,0.508333333333333,0.556485355648536,0.130182072829132,13,-0.0689425540230912,4.11549981984708,4.88125418577857,2.83238202221092e-05,4.54784817084492,0.00218700354715
"Chr07",31024362,"G","A",72,73,145,160,0.503448275862069,121,59,180,160,0.327777777777778,0.593846153846154,-0.175670498084291,13,-0.0694332546529188,10.2887263730626,4.87930314387741,2.88520513476165e-05,4.5398233035731,0.00220158123577224
"Chr07",31376853,"T","A",55,61,116,160,0.525862068965517,73,31,104,160,0.298076923076923,0.581818181818182,-0.227785145888594,13,-0.0745850723167628,11.8485901869715,4.86156098605206,3.41145035729351e-05,4.46706094409985,0.00257286825783787
"Chr07",31655704,"G","A",59,83,142,160,0.584507042253521,94,76,170,160,0.447058823529412,0.490384615384615,-0.137448218724109,12,-0.078228258868103,5.86994205054429,4.85117629508739,3.76138865988418e-05,4.42465178911891,0.00280418009747227
"Chr07",31697258,"G","A",76,70,146,160,0.479452054794521,86,45,131,160,0.343511450381679,0.584837545126354,-0.135940604412841,12,-0.0787711616152848,5.28342471677429,4.8496287824432,3.81642332250021e-05,4.41834345880304,0.00281287746247004
"Chr07",31881804,"A","C",73,68,141,160,0.482269503546099,91,48,139,160,0.345323741007194,0.585714285714286,-0.136945762538905,12,-0.0811822539380795,5.43087615963019,4.842756104279,4.07039530310183e-05,4.39036341150718,0.00296635774560881
"Chr07",32444003,"G","A",57,57,114,144,0.5,92,74,166,144,0.44578313253012,0.532142857142857,-0.0542168674698795,9,-0.0885273803173174,0.797708993531936,4.82181924955857,4.94892048099604e-05,4.30548952435455,0.00356652202663782
"Chr07",50155362,"C","G",96,77,173,136,0.445086705202312,95,116,211,136,0.549763033175355,0.497395833333333,0.104676327973043,7,-0.0379405022301901,4.17401540121546,4.88674491240259,2.68870418599354e-05,4.57045697667504,0.0021529549815252
"Chr07",51474808,"A","T",63,118,181,138,0.651933701657459,100,84,184,138,0.456521739130435,0.446575342465753,-0.195411962527024,4,-0.0294790532072861,14.1978750863169,5.49418897027471,5.3860970794517e-08,7.26872582309491,5.13738612607702e-06
"Chr07",52962040,"A","C",30,22,52,160,0.423076923076923,25,31,56,160,0.553571428571429,0.509259259259259,0.130494505494506,2,-0.00964673144958266,1.8427245209139,6.61214842791045,1.16684439888104e-13,12.9329870541628,1.40150977243378e-11
"Chr09",3871629,"T","A",84,83,167,141,0.497005988023952,67,134,201,141,0.666666666666667,0.410326086956522,0.169660678642715,2,0.0878773106878508,10.8712144358676,5.4889134738968,5.70385469966794e-08,7.2438315462586,5.36162341768787e-06
