"CHROM","POS","REF","ALT","AD_REF.LOW","AD_ALT.LOW","DP.LOW","GQ.LOW","SNPindex.LOW","AD_REF.HIGH","AD_ALT.HIGH","DP.HIGH","GQ.HIGH","SNPindex.HIGH","REF_FRQ","deltaSNP","nSNPs","tricubeDeltaSNP","G","Gprime","pvalue","negLog10Pval","qvalue","minDP","tricubeDP","CI_95","CI_99"
"Chr01",29264449,"G","A",55,54,109,160,0.495412844036697,68,52,120,160,0.433333333333333,0.537117903930131,-0.0620795107033639,3,-0.0999110005903368,0.885703701756842,5.66316364175588,6.24613283317643e-09,8.20438878409844,7.13620676190407e-07,109,119,-0.201680672268908,-0.26890756302521
"Chr01",30248653,"T","C",63,83,146,160,0.568493150684932,135,71,206,160,0.344660194174757,0.5625,-0.223832956510174,3,-0.0969265863565243,17.4503359802961,6.2988369635875,3.49098527863134e-12,11.4570519825873,4.46706476253667e-10,146,126,-0.198412698412698,-0.261904761904762
"Chr01",33587714,"C","T",57,52,109,143,0.477064220183486,79,77,156,143,0.493589743589744,0.513207547169811,0.0165255234062573,3,-0.0654259502688439,0.0701528602351882,6.55509930431412,1.49547041417009e-13,12.825222174468,2.03574887443834e-11,109,135,-0.192592592592593,-0.251851851851852
"Chr01",34182892,"A","T",92,94,186,160,0.505376344086022,89,121,210,160,0.576190476190476,0.457070707070707,0.0708141321044546,3,-0.061119423587169,1.9939554682933,6.42331367535842,7.61612994892857e-13,12.1182656544843,9.94448967617245e-11,186,135,-0.192592592592593,-0.251851851851852
"Chr01",35112602,"T","C",44,67,111,160,0.603603603603604,93,50,143,160,0.34965034965035,0.539370078740158,-0.253953253953254,3,-0.0477818580150489,16.3563693326804,6.54356459220867,1.72528658026749e-13,12.7631387557261,2.29966323761488e-11,111,133,-0.195488721804511,-0.248157894736842
"Chr01",64049862,"GG","AA",91,53,144,137,0.368055555555556,71,79,150,137,0.526666666666667,0.551020408163265,0.158611111111111,5,0.0886478722809975,7.50784076253335,4.81257562425014,4.60821942860346e-05,4.33646684938459,0.00368542348802561,144,113,-0.194690265486726,-0.256637168141593
"Chr01",64361116,"T","A",46,52,98,141,0.530612244897959,63,64,127,141,0.503937007874016,0.484444444444444,-0.0266752370239435,5,0.0803808534651532,0.157637954281154,5.00443580204132,7.17281648654478e-06,5.1443102802618,0.000588354870268121,98,113,-0.194690265486726,-0.256637168141593
"Chr01",65224564,"G","A",81,48,129,140,0.372093023255814,74,87,161,140,0.540372670807453,0.53448275862069,0.168279647551639,3,0.0574473622891259,8.20685959925783,5.5366740601631,2.58350548731912e-08,7.58779061168368,2.58269814185433e-06,129,114,-0.192982456140351,-0.254429824561404
"Chr01",68295882,"GG","GCG",29,63,92,160,0.684782608695652,55,49,104,160,0.471153846153846,0.428571428571429,-0.213628762541806,1,-0.0968608428188144,9.20074509911777,8.27536887795287,0,Inf,0,92,102,-0.205882352941176,-0.264705882352941
"Chr03",8488858,"C","G",38,23,61,160,0.377049180327869,31,44,75,160,0.586666666666667,0.507352941176471,0.209617486338798,3,0.0801372248621306,5.96196836263662,10.532189827991,0,Inf,0,61,71,-0.225352112676056,-0.28169014084507
"Chr03",9343766,"CT","TC",59,28,87,142,0.32183908045977,54,84,138,142,0.608695652173913,0.502222222222222,0.286856571714143,3,0.0529790765123594,17.8621272289175,11.7758651938265,0,Inf,0,87,77,-0.220779220779221,-0.285714285714286
"Chr03",9812890,"TAAAAAAAAT","TAAAAAAAT",17,46,63,160,0.73015873015873,44,43,87,160,0.494252873563218,0.406666666666667,-0.235905856595512,3,0.0334156307994611,8.6198747255426,12.3896532792534,0,Inf,0,63,81,-0.209876543209877,-0.283950617283951
"Chr03",12818314,"C","T",52,98,150,160,0.653333333333333,95,60,155,160,0.387096774193548,0.481967213114754,-0.266236559139785,1,-0.0534665330035474,21.9115277298633,16.9896239326901,0,Inf,0,150,118,-0.203389830508475,-0.26271186440678
"Chr03",15465869,"C","T",59,66,125,141,0.528,48,142,190,141,0.747368421052632,0.33968253968254,0.219368421052632,2,0.0777971685511519,16.0459947172713,14.1807157868642,0,Inf,0,125,104,-0.201923076923077,-0.259615384615385
"Chr03",17670530,"A","G",28,24,52,160,0.461538461538462,19,39,58,160,0.672413793103448,0.427272727272727,0.210875331564987,5,0.118218184498547,5.01262046534983,11.9626789966504,0,Inf,0,52,93,-0.21505376344086,-0.268817204301075
"Chr03",18173873,"A","T",51,35,86,160,0.406976744186047,38,78,116,160,0.672413793103448,0.440594059405941,0.265437048917402,4,0.113279514423805,14.2162735614187,11.8221625087853,0,Inf,0,86,92,-0.206521739130435,-0.282608695652174
"Chr03",18638085,"G","A",41,54,95,142,0.568421052631579,73,32,105,142,0.304761904761905,0.57,-0.263659147869674,4,0.108724787502528,14.2950451780262,11.6925700840076,0,Inf,0,95,92,-0.206521739130435,-0.282608695652174
"Chr03",19638113,"AGGG","AG",63,60,123,160,0.48780487804878,50,108,158,160,0.683544303797468,0.402135231316726,0.195739425748688,4,0.0995546870939608,11.0353667925762,11.4135332157784,0,Inf,0,123,91,-0.208791208791209,-0.274725274725275
"Chr03",25011131,"ACCATT","AT",49,48,97,160,0.494845360824742,29,57,86,160,0.662790697674419,0.426229508196721,0.167945336849676,1,0.166717574820791,5.2967055923974,5.40835183779141,1.05921282522736e-07,6.97501676932077,9.41228285528426e-06,86,86,-0.220930232558139,-0.27906976744186
"Chr03",27582409,"T","C",38,33,71,141,0.464788732394366,38,67,105,141,0.638095238095238,0.431818181818182,0.173306505700872,2,0.18096122519186,5.1840515929299,6.61091449564782,7.4718009557273e-14,13.126574705967,1.03923005466833e-11,71,87,-0.218390804597701,-0.275862068965517
"Chr03",28203847,"T","C",55,52,107,142,0.485981308411215,49,85,134,142,0.634328358208955,0.431535269709544,0.14834704979774,2,0.187515349555489,5.34270420872723,7.14179014396911,1.11022302462516e-16,15.954589770191,1.77580172788794e-14,107,87,-0.218390804597701,-0.275862068965517
"Chr03",30747950,"G","A",39,35,74,160,0.472972972972973,15,44,59,160,0.745762711864407,0.406015037593985,0.272789738891434,2,0.188801592764286,10.3811447334081,8.48633231093685,0,Inf,0,59,98,-0.204081632653061,-0.26530612244898
"Chr03",31425741,"C","T",71,54,125,143,0.432,80,139,219,143,0.634703196347032,0.438953488372093,0.202703196347032,2,0.170724323750296,13.2715191792642,7.83305927799685,0,Inf,0,125,104,-0.201923076923077,-0.259615384615385
"Chr03",38559975,"ATG","AG",57,62,119,160,0.521008403361345,50,117,167,160,0.70059880239521,0.374125874125874,0.179590399033865,4,0.048062629075676,9.54001157959686,5.81771498463529,1.06373099217905e-09,8.97316818725096,1.28410394112482e-07,119,103,-0.203883495145631,-0.262135922330097
"Chr03",39157583,"GATGTAAAGTTGAGAGAA","GA",63,54,117,160,0.461538461538462,66,102,168,160,0.607142857142857,0.452631578947368,0.145604395604396,5,0.0385008564832604,5.90569275554814,6.13672683624895,2.47467601965923e-11,10.6064816500977,3.10450532819211e-09,117,100,-0.21,-0.27
"Chr03",40809806,"C","T",30,51,81,160,0.62962962962963,33,62,95,160,0.652631578947368,0.357954545454545,0.0230019493177388,8,0.0336217815571748,0.100591478059085,5.82760219180974,9.48665035416241e-10,9.02288710574968,1.16722286472944e-07,81,95,-0.210526315789474,-0.273684210526316
"Chr03",40998883,"A","T",57,79,136,160,0.580882352941177,118,61,179,160,0.340782122905028,0.555555555555556,-0.240100230036149,8,0.0330634302633123,18.1483338710863,5.79222660364964,1.42795364421744e-09,8.84528589087031,1.69186063253763e-07,136,94,-0.202127659574468,-0.265957446808511
"Chr03",41204248,"A","G",27,28,55,160,0.509090909090909,27,26,53,138,0.490566037735849,0.5,-0.01852487135506,7,0.0318996752681519,0.0370518642474913,5.73694021804541,2.69549915721257e-09,8.56936079962388,3.135600655972e-07,53,94,-0.202127659574468,-0.265957446808511
"Chr03",41674763,"C","A",58,46,104,142,0.442307692307692,90,56,146,142,0.383561643835616,0.592,-0.0587460484720759,7,0.0277497940540611,0.866259148879891,5.56538122899626,1.87640106785736e-08,7.7266743285684,2.00086900535856e-06,104,92,-0.206521739130435,-0.282608695652174
"Chr03",42384141,"C","T",59,40,99,160,0.404040404040404,33,64,97,160,0.65979381443299,0.469387755102041,0.255753410392586,7,0.0214931721910189,13.0171895004442,5.30672810947041,3.16484664475425e-07,6.49964732923291,2.69982517775169e-05,97,89,-0.213483146067416,-0.269719101123595
"Chr03",42502488,"A","G",34,43,77,139,0.558441558441558,43,91,134,139,0.67910447761194,0.364928909952607,0.120662919170382,7,0.020449367015745,3.04529538153537,5.26357647418354,5.0047364319461e-07,6.30061878914679,4.21319785415673e-05,77,89,-0.213483146067416,-0.269719101123595
"Chr04",1757999,"A","T",35,31,66,160,0.46969696969697,33,32,65,160,0.492307692307692,0.519083969465649,0.0226107226107226,2,0.019567849552383,0.067072033805291,5.47206800103118,5.27715853237964e-08,7.27759985888266,4.89322612900942e-06,65,89,-0.213483146067416,-0.269719101123595
"Chr04",4742185,"T","C",41,90,131,160,0.687022900763359,87,72,159,160,0.452830188679245,0.441379310344828,-0.234192712084114,1,-0.15119364416357,16.2033240786622,11.8265514836375,0,Inf,0,131,94,-0.202127659574468,-0.265957446808511
"Chr04",7723742,"T","C",24,26,50,160,0.52,32,22,54,160,0.407407407407407,0.538461538461538,-0.112592592592593,2,-0.293620131920113,1.32661260092189,29.6692048804445,0,Inf,0,50,82,-0.207317073170732,-0.268292682926829
"Chr04",8965971,"CAAAAAAAAAAAAC","CAAAAAAAAAAAAAC",13,81,94,160,0.861702127659574,91,45,136,160,0.330882352941176,0.452173913043478,-0.530819774718398,2,-0.299594372427999,68.5240871608555,32.0843984552817,0,Inf,0,94,83,-0.205421686746988,-0.265060240963855
"Chr04",12909813,"T","C",75,71,146,160,0.486301369863014,112,92,204,160,0.450980392156863,0.534285714285714,-0.0353209777061509,2,0.273135209989058,0.426533861965046,14.8073369490964,0,Inf,0,146,113,-0.194690265486726,-0.256637168141593
"Chr04",15397160,"C","T",79,3,82,156,0.0365853658536585,0,77,77,156,1,0.49685534591195,0.963414634146341,3,0.382391161867559,NA,35.1866746592229,0,Inf,0,77,90,-0.211111111111111,-0.277777777777778
"Chr04",17010437,"ACTTT","AT",62,4,66,130,0.0606060606060606,35,58,93,160,0.623655913978495,0.610062893081761,0.563049853372434,3,0.197935644959627,59.2957832189863,55.5706926058928,0,Inf,0,66,80,-0.225,-0.2875
"Chr04",18777437,"G","A",0,91,91,160,1,71,0,71,160,0,0.438271604938272,-1,3,0.135445876279989,NA,109.787173066423,0,Inf,0,71,103,-0.203883495145631,-0.262135922330097
"Chr04",20860415,"A","G",78,94,172,160,0.546511627906977,82,93,175,160,0.531428571428571,0.461095100864553,-0.0150830564784052,4,0.247111530713386,0.0794211158026794,167.158797568216,0,Inf,0,172,122,-0.19672131147541,-0.270491803278688
"Chr04",21344404,"A","T",125,8,133,160,0.0601503759398496,11,159,170,160,0.935294117647059,0.448844884488449,0.875143741707209,3,0.282839397451319,274.88041246725,170.453570125924,0,Inf,0,133,123,-0.195121951219512,-0.252032520325203
"Chr04",22790627,"G","A",120,3,123,141,0.024390243902439,9,153,162,141,0.944444444444444,0.452631578947368,0.920054200542005,4,0.40419899493679,294.807332466894,145.082013672354,0,Inf,0,123,114,-0.192982456140351,-0.254429824561404
"Chr04",25049018,"G","T",30,32,62,160,0.516129032258065,26,32,58,160,0.551724137931034,0.466666666666667,0.03559510567297,3,0.418053778028003,0.152599701551723,119.132396802961,0,Inf,0,58,88,-0.204545454545455,-0.272727272727273
"Chr04",26373885,"C","T",29,23,52,140,0.442307692307692,34,44,78,140,0.564102564102564,0.484615384615385,0.121794871794872,3,0.403213215218932,1.85634242934644,110.367254713211,0,Inf,0,52,84,-0.214285714285714,-0.285714285714286
"Chr04",28068137,"GA","AT",125,7,132,151,0.053030303030303,6,138,144,151,0.958333333333333,0.47463768115942,0.90530303030303,2,0.470360035577561,277.285163200983,129.824307122773,0,Inf,0,132,90,-0.211111111111111,-0.277777777777778
"Chr04",34820642,"G","C",117,2,119,160,0.0168067226890756,2,159,161,160,0.987577639751553,0.425,0.970770917062477,2,0.777629024107928,340.000398496886,300.415417505105,0,Inf,0,119,116,-0.198275862068966,-0.258620689655172
"Chr04",36047737,"A","G",127,6,133,143,0.0451127819548872,2,143,145,143,0.986206896551724,0.464028776978417,0.941094114596837,5,0.651058316450113,313.934872873775,275.635255526326,0,Inf,0,133,107,-0.205607476635514,-0.271028037383178
"Chr04",37798084,"C","A",149,2,151,160,0.0132450331125828,0,152,152,160,1,0.491749174917492,0.986754966887417,6,0.668461557342289,NA,259.020215004878,0,Inf,0,151,98,-0.204081632653061,-0.26530612244898
"Chr04",38053274,"TACAGAAATAGACAAA","TA",2,74,76,138,0.973684210526316,79,5,84,149,0.0595238095238095,0.50625,-0.914160401002506,6,0.670618064794984,165.374769529488,257.648872627492,0,Inf,0,76,97,-0.206185567010309,-0.278350515463917
"Chr04",38542976,"C","T",59,0,59,141,0,0,90,90,158,1,0.395973154362416,1,6,0.673691717392759,NA,257.95587889012,0,Inf,0,59,97,-0.206185567010309,-0.278350515463917
"Chr04",39670563,"G","A",53,0,53,137,0,5,78,83,137,0.939759036144578,0.426470588235294,0.939759036144578,6,0.680769104684964,NA,258.662790993107,0,Inf,0,53,95,-0.210526315789474,-0.273684210526316
"Chr04",39676166,"G","A",75,3,78,137,0.0384615384615385,3,113,116,145,0.974137931034483,0.402061855670103,0.935676392572944,6,0.680804272349187,208.166174639518,258.666303652009,0,Inf,0,78,95,-0.210526315789474,-0.273684210526316
"Chr04",41105965,"C","T",156,5,161,139,0.031055900621118,8,190,198,139,0.95959595959596,0.456824512534819,0.928540058974842,3,0.790019125252653,383.423174562412,280.756642831085,0,Inf,0,161,93,-0.21505376344086,-0.268817204301075
"Chr04",44335130,"T","C",60,2,62,144,0.032258064516129,0,66,66,160,1,0.46875,0.967741935483871,2,0.607475094670284,NA,137.209552732093,0,Inf,0,62,81,-0.209876543209877,-0.283950617283951
"Chr04",63682111,"A","G",50,83,133,160,0.62406015037594,87,63,150,160,0.42,0.484098939929329,-0.20406015037594,4,-0.0717071700754881,11.8444101227493,4.79114884928461,5.63527677884812e-05,4.24908474854876,0.00445117294210744,133,110,-0.2,-0.254545454545455
"Chr04",65700594,"GAAAAAAAAAAG","GAAAAAAAAAG",32,39,71,142,0.549295774647887,44,38,82,142,0.463414634146341,0.496732026143791,-0.0858811405015459,4,-0.0358632080421856,1.12414426719854,6.73823938293205,1.52100554373646e-14,13.8178692030346,2.26311476019207e-12,71,101,-0.207920792079208,-0.277227722772277
"Chr04",67393445,"G","C",65,40,105,160,0.380952380952381,44,67,111,160,0.603603603603604,0.50462962962963,0.222651222651223,3,0.047291975159093,10.7918851930841,6.78116304703309,8.88178419700125e-15,14.0514997831991,1.35299179267652e-12,105,93,-0.21505376344086,-0.268817204301075
"Chr06",49116964,"A","T",79,66,145,160,0.455172413793103,55,85,140,160,0.607142857142857,0.470175438596491,0.151970443349754,3,0.0572733239150765,6.63114263181076,7.26866440435256,0,Inf,0,140,111,-0.198198198198198,-0.261261261261261
"Chr06",51198211,"T","A",62,72,134,144,0.537313432835821,133,86,219,144,0.392694063926941,0.552407932011331,-0.14461936890888,7,0.0578264832044664,7.0272938185463,7.46521016288473,0,Inf,0,134,113,-0.194690265486726,-0.256637168141593
"Chr06",51556939,"ATTTTTTTTTA","ATTTTTTTTA",68,33,101,140,0.326732673267327,37,62,99,140,0.626262626262626,0.525,0.2995299529953,7,0.0552218155614916,18.265725195451,7.34775865750106,0,Inf,0,99,113,-0.194690265486726,-0.256637168141593
"Chr06",51905984,"C","T",31,39,70,139,0.557142857142857,63,41,104,139,0.394230769230769,0.540229885057471,-0.162912087912088,6,0.0526874546600785,4.47782267503638,7.23347747315904,0,Inf,0,70,113,-0.194690265486726,-0.256637168141593
"Chr06",52057830,"G","C",69,75,144,160,0.520833333333333,49,102,151,160,0.675496688741722,0.4,0.154663355408388,6,0.0515849247128339,7.37490032916704,7.1837614172992,0,Inf,0,144,113,-0.194690265486726,-0.256637168141593
"Chr06",52497378,"ATTTTTTTTTTTA","ATTTTTTTTTTA",32,34,66,144,0.515151515151515,36,62,98,144,0.63265306122449,0.414634146341463,0.117501546072975,6,0.0483934357486765,2.2378766611545,7.03984855215239,3.33066907387547e-16,15.4774685154713,5.19746847186714e-14,66,113,-0.194690265486726,-0.256637168141593
"Chr06",53513824,"ATTTTTTTTTTG","ATTTTTTTTTTTG",84,83,167,142,0.497005988023952,66,110,176,142,0.625,0.43731778425656,0.127994011976048,6,0.0406365553774171,5.7186555307783,6.61203840408292,7.37188088351104e-14,13.132421690823,1.03923005466833e-11,167,113,-0.194690265486726,-0.256637168141593
"Chr07",27032766,"G","A",61,51,112,160,0.455357142857143,54,88,142,160,0.619718309859155,0.452755905511811,0.164361167002012,8,-0.00144207146056842,6.84341552680873,5.05440607030894,4.34733584564473e-06,5.36177680787077,0.000361224087538117,112,95,-0.210526315789474,-0.273684210526316
"Chr07",28091213,"GTTTTTTTTA","GTTTTTTTA",50,38,88,160,0.431818181818182,41,59,100,160,0.59,0.484042553191489,0.158181818181818,6,-0.0139204234390647,4.70767799520338,5.3726836907815,1.55907135757083e-07,6.80713400701126,1.347964668343e-05,88,99,-0.212121212121212,-0.272727272727273
"Chr07",28954705,"G","A",46,34,80,160,0.425,36,73,109,160,0.669724770642202,0.433862433862434,0.244724770642202,9,-0.0270674882451013,11.3029108199857,5.60877543457537,1.1539737831967e-08,7.93780405768145,1.25137699404958e-06,80,103,-0.203883495145631,-0.262135922330097
"Chr07",29449110,"G","A",56,66,122,141,0.540983606557377,86,65,151,141,0.43046357615894,0.52014652014652,-0.110520030398437,12,-0.0356456647442987,3.30726685236755,5.65305544220031,7.00355751170889e-09,8.15468130066593,7.86118613331816e-07,122,105,-0.2,-0.266666666666667
"Chr07",29820130,"G","A",16,41,57,140,0.719298245614035,33,46,79,140,0.582278481012658,0.360294117647059,-0.137019764601377,11,-0.0427747933837874,2.73537795174973,5.62643700751211,9.45940126229061e-09,8.02413635162278,1.04346981510578e-06,57,106,-0.207547169811321,-0.264150943396226
"Chr07",30978608,"C","G",31,37,68,160,0.544117647058823,60,54,114,160,0.473684210526316,0.5,-0.0704334365325077,11,-0.0650348836431199,0.846036295269989,5.54332323741694,2.39937275603452e-08,7.61990227670358,2.50732607597015e-06,68,110,-0.2,-0.254545454545455
"Chr07",30994361,"G","T",74,45,119,160,0.378151260504202,59,61,120,160,0.508333333333333,0.556485355648536,0.130182072829132,11,-0.065337576660903,4.11549981984708,5.54219305521209,2.42973142716707e-08,7.61444172893072,2.50732607597015e-06,119,110,-0.2,-0.254545454545455
"Chr07",31024362,"G","A",72,73,145,160,0.503448275862069,121,59,180,160,0.327777777777778,0.593846153846154,-0.175670498084291,11,-0.065914044205276,10.2887263730626,5.54004066542426,2.48859908236199e-08,7.60404506335218,2.52731062364317e-06,145,110,-0.2,-0.254545454545455
"Chr07",31376853,"T","A",55,61,116,160,0.525862068965517,73,31,104,160,0.298076923076923,0.581818181818182,-0.227785145888594,11,-0.0719663440887513,11.8485901869715,5.50616489850059,3.62331898928758e-08,7.44089342992102,3.5664607528403e-06,104,111,-0.198198198198198,-0.261261261261261
"Chr07",31655704,"G","A",59,83,142,160,0.584507042253521,94,76,170,160,0.447058823529412,0.490384615384615,-0.137448218724109,10,-0.0762463391770234,5.86994205054429,5.47331572316645,5.20524591207661e-08,7.28355874824084,4.89322612900942e-06,142,112,-0.205357142857143,-0.276785714285714
"Chr07",31697258,"G","A",76,70,146,160,0.479452054794521,86,45,131,160,0.343511450381679,0.584837545126354,-0.135940604412841,10,-0.0768841382736666,5.28342471677429,5.46842058335402,5.49303343921892e-08,7.26018775717306,5.02063256344609e-06,131,112,-0.205357142857143,-0.276785714285714
"Chr07",31881804,"A","C",73,68,141,160,0.482269503546099,91,48,139,160,0.345323741007194,0.585714285714286,-0.136945762538905,10,-0.0797166759857791,5.43087615963019,5.44668071542737,6.97216577805193e-08,7.15663229516542,6.2828051616868e-06,139,113,-0.194690265486726,-0.256637168141593
"Chr07",32444003,"G","A",57,57,114,144,0.5,92,74,166,144,0.44578313253012,0.532142857142857,-0.0542168674698795,8,-0.0883456891814696,0.797708993531936,5.38045260965161,1.43348486414396e-07,6.84360688831461,1.25636111791686e-05,114,115,-0.2,-0.260869565217391
"Chr07",50155362,"C","G",96,77,173,136,0.445086705202312,95,116,211,136,0.549763033175355,0.497395833333333,0.104676327973043,7,-0.0379405022301901,4.17401540121546,4.88674491240259,2.27267733182712e-05,4.64346221977628,0.00184058095810505,173,111,-0.198198198198198,-0.261261261261261
"Chr07",51474808,"A","T",63,118,181,138,0.651933701657459,100,84,184,138,0.456521739130435,0.446575342465753,-0.195411962527024,4,-0.0294790532072861,14.1978750863169,5.49418897027471,4.13587285530426e-08,7.38343282075757,4.00929008003585e-06,181,113,-0.194690265486726,-0.256637168141593
"Chr07",52962040,"A","C",30,22,52,160,0.423076923076923,25,31,56,160,0.553571428571429,0.509259259259259,0.130494505494506,2,-0.00964673144958266,1.8427245209139,6.61214842791045,7.36077865326479e-14,13.1330762417862,1.03923005466833e-11,52,121,-0.198347107438016,-0.256198347107438
"Chr09",3871629,"T","A",84,83,167,141,0.497005988023952,67,134,201,141,0.666666666666667,0.410326086956522,0.169660678642715,2,0.0878773106878508,10.8712144358676,5.4889134738968,4.38371754452049e-08,7.35815743645982,4.18612311191673e-06,167,147,-0.19047619047619,-0.251700680272109
