"","CHROM","POS","p1","p2","Subst","AD_High","AD_Low","Gprime","SNP_Observations","pvalue"
"1","Chr04",34820642,0.017,0.988,"G____>C","2,159","117,2",300.415,429,0
"2","Chr04",41105965,0.031,0.96,"C____>T","8,190","156,5",280.757,436,0
"3","Chr04",36047737,0.045,0.986,"A____>G","2,143","127,6",275.635,430,0
"4","Chr04",37798084,0.013,1,"C____>A","0,152","149,2",259.02,431,0
"5","Chr04",39676166,0.038,0.974,"G____>A","3,113","75,3",258.666,435,0
"6","Chr04",39670563,0,0.94,"G____>A","5,78","53,0",258.663,434,0
"7","Chr04",38542976,0,1,"C____>T","0,90","59,0",257.956,433,0
"8","Chr04",38053274,0.974,0.06,"TACAGAAATAGACAAA____>TA","79,5","2,74",257.649,432,0
"9","Chr04",21344404,0.06,0.935,"A____>T","11,159","125,8",170.454,424,0
"10","Chr04",20860415,0.547,0.531,"A____>G","82,93","78,94",167.159,423,0
"11","Chr04",22790627,0.024,0.944,"G____>A","9,153","120,3",145.082,425,0
"12","Chr04",44335130,0.032,1,"T____>C","0,66","60,2",137.21,437,0
"13","Chr04",28068137,0.053,0.958,"GA____>AT","6,138","125,7",129.824,428,0
"14","Chr04",25049018,0.516,0.552,"G____>T","26,32","30,32",119.132,426,0
"15","Chr04",26373885,0.442,0.564,"C____>T","34,44","29,23",110.367,427,0
"17","Chr04",17010437,0.061,0.624,"ACTTT____>AT","35,58","62,4",55.571,421,0
"18","Chr04",15397160,0.037,1,"C____>T","0,77","79,3",35.187,420,0
"19","Chr04",8965971,0.862,0.331,"CAAAAAAAAAAAAC____>CAAAAAAAAAAAAAC","91,45","13,81",32.084,418,0
"20","Chr04",7723742,0.52,0.407,"T____>C","32,22","24,26",29.669,417,0
"21","Chr03",12818314,0.653,0.387,"C____>T","95,60","52,98",16.99,296,0
"22","Chr04",12909813,0.486,0.451,"T____>C","112,92","75,71",14.807,419,0
"23","Chr03",15465869,0.528,0.747,"C____>T","48,142","59,66",14.181,297,0
"24","Chr03",9812890,0.73,0.494,"TAAAAAAAAT____>TAAAAAAAT","44,43","17,46",12.39,295,0
"25","Chr03",17670530,0.462,0.672,"A____>G","19,39","28,24",11.963,298,0
"26","Chr04",4742185,0.687,0.453,"T____>C","87,72","41,90",11.827,416,0
"27","Chr03",18173873,0.407,0.672,"A____>T","38,78","51,35",11.822,299,0
"28","Chr03",9343766,0.322,0.609,"CT____>TC","54,84","59,28",11.776,294,0
"29","Chr03",18638085,0.568,0.305,"G____>A","73,32","41,54",11.693,300,0
"30","Chr03",19638113,0.488,0.684,"AGGG____>AG","50,108","63,60",11.414,301,0
"31","Chr03",8488858,0.377,0.587,"C____>G","31,44","38,23",10.532,293,0
"32","Chr03",30747950,0.473,0.746,"G____>A","15,44","39,35",8.486,305,0
"33","Chr01",68295882,0.685,0.471,"GG____>GCG","55,49","29,63",8.275,70,0
"34","Chr03",31425741,0.432,0.635,"C____>T","80,139","71,54",7.833,306,0
"35","Chr06",51198211,0.537,0.393,"T____>A","133,86","62,72",7.465,794,0
"36","Chr06",51556939,0.327,0.626,"ATTTTTTTTTA____>ATTTTTTTTA","37,62","68,33",7.348,795,0
"37","Chr06",49116964,0.455,0.607,"A____>T","55,85","79,66",7.269,793,0
"38","Chr06",51905984,0.557,0.394,"C____>T","63,41","31,39",7.233,796,0
"39","Chr06",52057830,0.521,0.675,"G____>C","49,102","69,75",7.184,797,0
"40","Chr03",28203847,0.486,0.634,"T____>C","49,85","55,52",7.142,304,1.11022302462516e-16
"41","Chr06",52497378,0.515,0.633,"ATTTTTTTTTTTA____>ATTTTTTTTTTA","36,62","32,34",7.04,798,3.33066907387547e-16
"42","Chr04",67393445,0.381,0.604,"G____>C","44,67","65,40",6.781,450,8.88178419700125e-15
"43","Chr04",65700594,0.549,0.463,"GAAAAAAAAAAG____>GAAAAAAAAAG","44,38","32,39",6.738,449,1.52100554373646e-14
"44","Chr06",53513824,0.497,0.625,"ATTTTTTTTTTG____>ATTTTTTTTTTTG","66,110","84,83",6.612,799,7.37188088351104e-14
"45","Chr07",52962040,0.423,0.554,"A____>C","25,31","30,22",6.612,863,7.36077865326479e-14
"46","Chr03",27582409,0.465,0.638,"T____>C","38,67","38,33",6.611,303,7.4718009557273e-14
"47","Chr01",33587714,0.477,0.494,"C____>T","79,77","57,52",6.555,55,1.49547041417009e-13
"48","Chr01",35112602,0.604,0.35,"T____>C","93,50","44,67",6.544,57,1.72528658026749e-13
"49","Chr01",34182892,0.505,0.576,"A____>T","89,121","92,94",6.423,56,7.61612994892857e-13
"50","Chr01",30248653,0.568,0.345,"T____>C","135,71","63,83",6.299,54,3.49098527863134e-12
"51","Chr03",39157583,0.462,0.607,"GATGTAAAGTTGAGAGAA____>GA","66,102","63,54",6.137,310,2.47467601965923e-11
"52","Chr03",40809806,0.63,0.653,"C____>T","33,62","30,51",5.828,311,9.48665035416241e-10
"53","Chr03",38559975,0.521,0.701,"ATG____>AG","50,117","57,62",5.818,309,1.06373099217905e-09
"54","Chr03",40998883,0.581,0.341,"A____>T","118,61","57,79",5.792,312,1.42795364421744e-09
"55","Chr03",41204248,0.509,0.491,"A____>G","27,26","27,28",5.737,313,2.69549915721257e-09
"56","Chr01",29264449,0.495,0.433,"G____>A","68,52","55,54",5.663,53,6.24613283317643e-09
"57","Chr07",29449110,0.541,0.43,"G____>A","86,65","56,66",5.653,835,7.00355751170889e-09
"58","Chr07",29820130,0.719,0.582,"G____>A","33,46","16,41",5.626,836,9.45940126229061e-09
"59","Chr07",28954705,0.425,0.67,"G____>A","36,73","46,34",5.609,834,1.1539737831967e-08
"60","Chr03",41674763,0.442,0.384,"C____>A","90,56","58,46",5.565,314,1.87640106785736e-08
"61","Chr07",30978608,0.544,0.474,"C____>G","60,54","31,37",5.543,837,2.39937275603452e-08
"62","Chr07",30994361,0.378,0.508,"G____>T","59,61","74,45",5.542,838,2.42973142716707e-08
"63","Chr07",31024362,0.503,0.328,"G____>A","121,59","72,73",5.54,839,2.48859908236199e-08
"64","Chr01",65224564,0.372,0.54,"G____>A","74,87","81,48",5.537,69,2.58350548731912e-08
"65","Chr07",31376853,0.526,0.298,"T____>A","73,31","55,61",5.506,840,3.62331898928758e-08
"66","Chr07",51474808,0.652,0.457,"A____>T","100,84","63,118",5.494,862,4.13587285530426e-08
"67","Chr09",3871629,0.497,0.667,"T____>A","67,134","84,83",5.489,4653,4.38371754452049e-08
"68","Chr07",31655704,0.585,0.447,"G____>A","94,76","59,83",5.473,841,5.20524591207661e-08
"69","Chr04",1757999,0.47,0.492,"A____>T","33,32","35,31",5.472,415,5.27715853237964e-08
"70","Chr07",31697258,0.479,0.344,"G____>A","86,45","76,70",5.468,842,5.49303343921892e-08
"71","Chr07",31881804,0.482,0.345,"A____>C","91,48","73,68",5.447,843,6.97216577805193e-08
"72","Chr03",25011131,0.495,0.663,"ACCATT____>AT","29,57","49,48",5.408,302,1.05921282522736e-07
"73","Chr07",32444003,0.5,0.446,"G____>A","92,74","57,57",5.38,844,1.43348486414396e-07
"74","Chr07",28091213,0.432,0.59,"GTTTTTTTTA____>GTTTTTTTA","41,59","50,38",5.373,833,1.55907135757083e-07
"75","Chr03",42384141,0.404,0.66,"C____>T","33,64","59,40",5.307,315,3.16484664475425e-07
"76","Chr03",42502488,0.558,0.679,"A____>G","43,91","34,43",5.264,316,5.0047364319461e-07
"77","Chr07",27032766,0.455,0.62,"G____>A","54,88","61,51",5.054,832,4.34733584564473e-06
"78","Chr01",64361116,0.531,0.504,"T____>A","63,64","46,52",5.004,68,7.17281648654478e-06
"79","Chr07",50155362,0.445,0.55,"C____>G","95,116","96,77",4.887,861,2.27267733182712e-05
"80","Chr01",64049862,0.368,0.527,"GG____>AA","71,79","91,53",4.813,67,4.60821942860346e-05
"81","Chr04",63682111,0.624,0.42,"A____>G","87,63","50,83",4.791,448,5.63527677884812e-05
"82","Chr01",39405870,0.47,0.633,"G____>A","65,112","70,62",4.778,58,6.35878989623251e-05
"83","Chr09",4788611,0.539,0.544,"G____>C","68,81","59,69",4.573,4654,0.000402246082399804
"84","Chr07",49342839,0.577,0.414,"A____>T","99,70","55,75",4.565,860,0.000432353785015605
"85","Chr01",40077801,0.468,0.528,"A____>G","60,67","50,44",4.534,59,0.000563941764362363
"86","Chr07",25716392,0.521,0.372,"A____>T","76,45","35,38",4.438,831,0.00125013745580249
"87","Chr03",43849662,0.515,0.446,"T____>G","36,29","32,34",4.434,317,0.00128893755488402
"88","Chr07",48859350,0.439,0.593,"G____>C","37,54","32,25",4.261,859,0.00497332125074668
"89","Chr07",25292639,0.449,0.443,"G____>A","54,43","38,31",4.24,830,0.00582633292365353
"90","Chr06",56029195,0.606,0.383,"G____>A","82,51","37,57",4.201,800,0.00770945029933512
"91","Chr07",48759080,0.533,0.463,"C____>T","36,31","21,24",4.191,858,0.00827035904478535
"92","Chr01",27780238,0.595,0.562,"ACCCCCA____>ACCCCA","60,77","49,72",4.131,52,0.012636445973421
"93","Chr07",48560220,0.535,0.394,"T____>C","94,61","53,61",4.053,857,0.0212359640205555
"94","Chr07",24919551,0.536,0.445,"C____>A","91,73","65,75",4.049,829,0.021727381102895
"95","Chr07",48507029,0.536,0.415,"G____>T","69,49","45,52",4.016,856,0.0269070202682642
"96","Chr04",62931501,0.621,0.454,"A____>G","53,44","36,59",3.996,447,0.030409424145726
